-- Group
insert into "group" (id, ref, creation_date) values (1, 'G1', '2021-10-10');
insert into "group" (id, ref, creation_date) values (2, 'G2', '2021-10-10');
insert into "group" (id, ref, creation_date) values (3, 'H1', '2022-10-09');
insert into "group" (id, ref, creation_date) values (4, 'H2', '2022-10-09');
insert into "group" (id, ref, creation_date) values (5, 'H3', '2022-10-09');
insert into "group" (id, ref, creation_date) values (6, 'H4', '2023-01-08');

-- Student
insert into student (id, first_name, last_name, gender, ref, email, phone) values (1, 'Stephine', 'Housby', 'Female', 'STD22001', 'shousby0@google.com.br', '497 478 6272');
insert into student (id, first_name, last_name, gender, ref, email, phone) values (2, 'Manuel', 'Denholm', 'Male', 'STD22002', 'mdenholm1@oakley.com', '376 948 8745');
insert into student (id, first_name, last_name, gender, ref, email, phone) values (3, 'Wilburt', 'Ferguson', 'Male', 'STD22003', 'wferguson2@census.gov', '343 964 6353');
insert into student (id, first_name, last_name, gender, ref, email, phone) values (4, 'Dulcie', 'Staniland', 'Female', 'STD22004', 'dstaniland3@bbb.org', '307 620 7694');
insert into student (id, first_name, last_name, gender, ref, email, phone) values (5, 'Carny', 'Quantick', 'Male', 'STD22005', 'cquantick4@seattletimes.com', '918 932 5884');
insert into student (id, first_name, last_name, gender, ref, email, phone) values (6, 'Nil', 'Plail', 'Male', 'STD22006', 'nplail5@devhub.com', '758 714 4842');
insert into student (id, first_name, last_name, gender, ref, email, phone) values (7, 'Fern', 'Storck', 'Female', 'STD22007', 'fstorck6@statcounter.com', '994 723 5165');
insert into student (id, first_name, last_name, gender, ref, email, phone) values (8, 'Cherey', 'Benion', 'Female', 'STD22008', 'cbenion7@si.edu', '527 427 8058');
insert into student (id, first_name, last_name, gender, ref, email, phone) values (9, 'Marcus', 'Spottiswoode', 'Male', 'STD22009', 'mspottiswoode8@elegantthemes.com', '765 739 5255');
insert into student (id, first_name, last_name, gender, ref, email, phone) values (10, 'Nicolina', 'Orchart', 'Female', 'STD22010', 'norchart9@blogger.com', '123 710 5923');
insert into student (id, first_name, last_name, gender, ref, email, phone) values (11, 'Washington', 'Marvin', 'Polygender', 'STD22011', 'wmarvina@storify.com', '287 665 6058');
insert into student (id, first_name, last_name, gender, ref, email, phone) values (12, 'Ranique', 'Kalf', 'Female', 'STD22012', 'rkalfb@gizmodo.com', '569 841 8740');
insert into student (id, first_name, last_name, gender, ref, email, phone) values (13, 'Willard', 'Gauler', 'Male', 'STD22013', 'wgaulerc@google.com', '970 534 8753');
insert into student (id, first_name, last_name, gender, ref, email, phone) values (14, 'Melosa', 'Nicklen', 'Female', 'STD22014', 'mnicklend@reverbnation.com', '130 511 2068');
insert into student (id, first_name, last_name, gender, ref, email, phone) values (15, 'Cullen', 'Caron', 'Male', 'STD22015', 'ccarone@ucoz.ru', '572 608 0224');
insert into student (id, first_name, last_name, gender, ref, email, phone) values (16, 'Gaspar', 'Flipek', 'Male', 'STD22016', 'gflipekf@comsenz.com', '586 974 0320');
insert into student (id, first_name, last_name, gender, ref, email, phone) values (17, 'Mack', 'Lamplugh', 'Male', 'STD22017', 'mlamplughg@wikimedia.org', '168 465 5627');
insert into student (id, first_name, last_name, gender, ref, email, phone) values (18, 'Amanda', 'Tesoe', 'Non-binary', 'STD22018', 'atesoeh@fda.gov', '942 660 3133');
insert into student (id, first_name, last_name, gender, ref, email, phone) values (19, 'Syd', 'Hupka', 'Male', 'STD22019', 'shupkai@sohu.com', '319 350 9150');
insert into student (id, first_name, last_name, gender, ref, email, phone) values (20, 'Anatola', 'Walliker', 'Female', 'STD22020', 'awallikerj@csmonitor.com', '685 852 4861');
insert into student (id, first_name, last_name, gender, ref, email, phone) values (21, 'Ursala', 'Tyrone', 'Genderfluid', 'STD22021', 'utyronek@sakura.ne.jp', '850 482 4334');
insert into student (id, first_name, last_name, gender, ref, email, phone) values (22, 'Devonna', 'Trowl', 'Female', 'STD22022', 'dtrowll@bigcartel.com', '302 200 0058');
insert into student (id, first_name, last_name, gender, ref, email, phone) values (23, 'Seline', 'Cawse', 'Female', 'STD22023', 'scawsem@ucoz.com', '172 601 7920');
insert into student (id, first_name, last_name, gender, ref, email, phone) values (24, 'Georgina', 'Brabban', 'Female', 'STD22024', 'gbrabbann@miibeian.gov.cn', '917 735 8025');
insert into student (id, first_name, last_name, gender, ref, email, phone) values (25, 'Rutger', 'Wyeth', 'Male', 'STD22025', 'rwyetho@people.com.cn', '943 296 7727');
insert into student (id, first_name, last_name, gender, ref, email, phone) values (26, 'Homer', 'Baradel', 'Male', 'STD22026', 'hbaradelp@meetup.com', '855 434 0124');
insert into student (id, first_name, last_name, gender, ref, email, phone) values (27, 'Corry', 'Stowell', 'Female', 'STD22027', 'cstowellq@google.cn', '603 492 7709');
insert into student (id, first_name, last_name, gender, ref, email, phone) values (28, 'Papageno', 'Petasch', 'Male', 'STD22028', 'ppetaschr@telegraph.co.uk', '596 472 4603');
insert into student (id, first_name, last_name, gender, ref, email, phone) values (29, 'Natassia', 'Edowes', 'Female', 'STD22029', 'nedowess@myspace.com', '537 296 2657');
insert into student (id, first_name, last_name, gender, ref, email, phone) values (30, 'Olly', 'Alleyne', 'Female', 'STD22030', 'oalleynet@ucla.edu', '524 325 3980');
insert into student (id, first_name, last_name, gender, ref, email, phone) values (31, 'Cornelius', 'Saulter', 'Male', 'STD22031', 'csaulteru@sphinn.com', '150 322 2626');
insert into student (id, first_name, last_name, gender, ref, email, phone) values (32, 'Meghann', 'Shoubridge', 'Female', 'STD22032', 'mshoubridgev@com.com', '450 622 6820');
insert into student (id, first_name, last_name, gender, ref, email, phone) values (33, 'Bearnard', 'Spraggon', 'Male', 'STD22033', 'bspraggonw@nationalgeographic.com', '959 636 4763');
insert into student (id, first_name, last_name, gender, ref, email, phone) values (34, 'Shirl', 'Cathee', 'Female', 'STD22034', 'scatheex@vistaprint.com', '624 434 7725');
insert into student (id, first_name, last_name, gender, ref, email, phone) values (35, 'Travers', 'Warsap', 'Male', 'STD22035', 'twarsapy@elegantthemes.com', '655 527 7710');
insert into student (id, first_name, last_name, gender, ref, email, phone) values (36, 'Tye', 'Atcheson', 'Male', 'STD22036', 'tatchesonz@netvibes.com', '180 550 3300');
insert into student (id, first_name, last_name, gender, ref, email, phone) values (37, 'Jeri', 'Congdon', 'Female', 'STD22037', 'jcongdon10@netvibes.com', '495 829 8898');
insert into student (id, first_name, last_name, gender, ref, email, phone) values (38, 'Pammi', 'Gonsalvo', 'Female', 'STD22038', 'pgonsalvo11@shinystat.com', '231 182 1123');
insert into student (id, first_name, last_name, gender, ref, email, phone) values (39, 'Adriano', 'Taillant', 'Bigender', 'STD22039', 'ataillant12@topsy.com', '322 211 8587');
insert into student (id, first_name, last_name, gender, ref, email, phone) values (40, 'Alexandros', 'Collier', 'Male', 'STD22040', 'acollier13@youku.com', '107 995 5123');
insert into student (id, first_name, last_name, gender, ref, email, phone) values (41, 'Ailbert', 'Hayers', 'Male', 'STD22041', 'ahayers14@java.com', '819 482 3767');
insert into student (id, first_name, last_name, gender, ref, email, phone) values (42, 'Blondell', 'MacKeever', 'Female', 'STD22042', 'bmackeever15@kickstarter.com', '797 819 0375');
insert into student (id, first_name, last_name, gender, ref, email, phone) values (43, 'Raddy', 'Kynder', 'Bigender', 'STD22043', 'rkynder16@icio.us', '726 202 8202');
insert into student (id, first_name, last_name, gender, ref, email, phone) values (44, 'Ailis', 'Aguirrezabala', 'Female', 'STD22044', 'aaguirrezabala17@squarespace.com', '434 920 2856');
insert into student (id, first_name, last_name, gender, ref, email, phone) values (45, 'Edna', 'Cordero', 'Female', 'STD22045', 'ecordero18@fda.gov', '885 208 0724');
insert into student (id, first_name, last_name, gender, ref, email, phone) values (46, 'Esteban', 'McKeevers', 'Male', 'STD22046', 'emckeevers19@tuttocitta.it', '461 949 8178');
insert into student (id, first_name, last_name, gender, ref, email, phone) values (47, 'Nickolaus', 'Ledgeway', 'Male', 'STD22047', 'nledgeway1a@tamu.edu', '278 922 8087');
insert into student (id, first_name, last_name, gender, ref, email, phone) values (48, 'Magdaia', 'Bento', 'Female', 'STD22048', 'mbento1b@yahoo.co.jp', '205 137 3005');
insert into student (id, first_name, last_name, gender, ref, email, phone) values (49, 'Chrissie', 'Schoenleiter', 'Male', 'STD22049', 'cschoenleiter1c@flickr.com', '129 386 8860');
insert into student (id, first_name, last_name, gender, ref, email, phone) values (50, 'Helaina', 'Eymor', 'Female', 'STD22050', 'heymor1d@theguardian.com', '213 780 1953');
insert into student (id, first_name, last_name, gender, ref, email, phone) values (51, 'Audry', 'Mersh', 'Female', 'STD22051', 'amersh1e@booking.com', '620 359 7170');
insert into student (id, first_name, last_name, gender, ref, email, phone) values (52, 'Lodovico', 'Baggallay', 'Male', 'STD22052', 'lbaggallay1f@yellowbook.com', '387 103 4082');
insert into student (id, first_name, last_name, gender, ref, email, phone) values (53, 'West', 'Drever', 'Male', 'STD22053', 'wdrever1g@tamu.edu', '457 789 1977');
insert into student (id, first_name, last_name, gender, ref, email, phone) values (54, 'Der', 'Mathivat', 'Male', 'STD22054', 'dmathivat1h@blinklist.com', '635 773 7790');
insert into student (id, first_name, last_name, gender, ref, email, phone) values (55, 'Darline', 'Laffan', 'Female', 'STD22055', 'dlaffan1i@oakley.com', '844 370 2569');
insert into student (id, first_name, last_name, gender, ref, email, phone) values (56, 'Dareen', 'Kornacki', 'Female', 'STD22056', 'dkornacki1j@geocities.jp', '840 347 9288');
insert into student (id, first_name, last_name, gender, ref, email, phone) values (57, 'Kaela', 'Blabie', 'Female', 'STD22057', 'kblabie1k@seesaa.net', '226 470 0199');
insert into student (id, first_name, last_name, gender, ref, email, phone) values (58, 'Midge', 'Abden', 'Female', 'STD22058', 'mabden1l@cloudflare.com', '677 954 1398');
insert into student (id, first_name, last_name, gender, ref, email, phone) values (59, 'Feodora', 'Kleinber', 'Female', 'STD22059', 'fkleinber1m@google.it', '246 584 9811');
insert into student (id, first_name, last_name, gender, ref, email, phone) values (60, 'Granny', 'Frangello', 'Male', 'STD22060', 'gfrangello1n@devhub.com', '757 297 9549');
insert into student (id, first_name, last_name, gender, ref, email, phone) values (61, 'Gifford', 'Sill', 'Male', 'STD22061', 'gsill1o@ft.com', '178 739 5556');
insert into student (id, first_name, last_name, gender, ref, email, phone) values (62, 'Farrell', 'Lugard', 'Male', 'STD22062', 'flugard1p@ovh.net', '769 112 5245');
insert into student (id, first_name, last_name, gender, ref, email, phone) values (63, 'Odette', 'Creer', 'Female', 'STD22063', 'ocreer1q@soundcloud.com', '995 654 3930');
insert into student (id, first_name, last_name, gender, ref, email, phone) values (64, 'Natka', 'Presland', 'Female', 'STD22064', 'npresland1r@addtoany.com', '874 108 4676');
insert into student (id, first_name, last_name, gender, ref, email, phone) values (65, 'Augustus', 'Penwell', 'Male', 'STD22065', 'apenwell1s@xing.com', '822 111 7716');
insert into student (id, first_name, last_name, gender, ref, email, phone) values (66, 'Johnath', 'Lillo', 'Female', 'STD22066', 'jlillo1t@ustream.tv', '786 829 3819');
insert into student (id, first_name, last_name, gender, ref, email, phone) values (67, 'Hobey', 'Farthing', 'Male', 'STD22067', 'hfarthing1u@amazonaws.com', '706 667 3155');
insert into student (id, first_name, last_name, gender, ref, email, phone) values (68, 'Kory', 'Goundrill', 'Male', 'STD22068', 'kgoundrill1v@google.com.br', '440 828 3511');
insert into student (id, first_name, last_name, gender, ref, email, phone) values (69, 'Putnam', 'Umfrey', 'Male', 'STD22069', 'pumfrey1w@whitehouse.gov', '197 565 6023');
insert into student (id, first_name, last_name, gender, ref, email, phone) values (70, 'Filmer', 'Whiskerd', 'Male', 'STD22070', 'fwhiskerd1x@i2i.jp', '323 767 2147');
insert into student (id, first_name, last_name, gender, ref, email, phone) values (71, 'Shay', 'Cone', 'Female', 'STD22071', 'scone1y@phpbb.com', '942 381 0622');
insert into student (id, first_name, last_name, gender, ref, email, phone) values (72, 'Haroun', 'Keuning', 'Bigender', 'STD22072', 'hkeuning1z@nhs.uk', '625 258 9332');
insert into student (id, first_name, last_name, gender, ref, email, phone) values (73, 'Sindee', 'Phelan', 'Female', 'STD22073', 'sphelan20@eventbrite.com', '739 281 2694');
insert into student (id, first_name, last_name, gender, ref, email, phone) values (74, 'Jasper', 'Castelyn', 'Male', 'STD22074', 'jcastelyn21@geocities.jp', '160 689 0029');
insert into student (id, first_name, last_name, gender, ref, email, phone) values (75, 'Skelly', 'Pepi', 'Male', 'STD22075', 'spepi22@earthlink.net', '921 974 3247');
insert into student (id, first_name, last_name, gender, ref, email, phone) values (76, 'Lenard', 'Clemon', 'Male', 'STD22076', 'lclemon23@g.co', '102 721 7644');
insert into student (id, first_name, last_name, gender, ref, email, phone) values (77, 'Dulcie', 'Craine', 'Female', 'STD22077', 'dcraine24@lulu.com', '567 217 7697');
insert into student (id, first_name, last_name, gender, ref, email, phone) values (78, 'Geordie', 'Watters', 'Male', 'STD22078', 'gwatters25@opera.com', '407 248 8335');
insert into student (id, first_name, last_name, gender, ref, email, phone) values (79, 'Vincenty', 'Rapinett', 'Bigender', 'STD22079', 'vrapinett26@desdev.cn', '465 529 2338');
insert into student (id, first_name, last_name, gender, ref, email, phone) values (80, 'Ernesto', 'Noorwood', 'Male', 'STD22080', 'enoorwood27@unblog.fr', '983 601 0859');
insert into student (id, first_name, last_name, gender, ref, email, phone) values (81, 'Maurene', 'Gilyatt', 'Female', 'STD22081', 'mgilyatt28@geocities.com', '190 574 7941');
insert into student (id, first_name, last_name, gender, ref, email, phone) values (82, 'Beverly', 'Talbot', 'Female', 'STD22082', 'btalbot29@comsenz.com', '652 576 2892');
insert into student (id, first_name, last_name, gender, ref, email, phone) values (83, 'Normy', 'Steynor', 'Male', 'STD22083', 'nsteynor2a@yale.edu', '428 387 0108');
insert into student (id, first_name, last_name, gender, ref, email, phone) values (84, 'Alvira', 'Dainton', 'Female', 'STD22084', 'adainton2b@sogou.com', '729 202 5468');
insert into student (id, first_name, last_name, gender, ref, email, phone) values (85, 'Stuart', 'Jewitt', 'Male', 'STD22085', 'sjewitt2c@edublogs.org', '626 466 7905');
insert into student (id, first_name, last_name, gender, ref, email, phone) values (86, 'Perry', 'Debney', 'Female', 'STD22086', 'pdebney2d@geocities.com', '401 467 7348');
insert into student (id, first_name, last_name, gender, ref, email, phone) values (87, 'Starlene', 'Sickert', 'Female', 'STD22087', 'ssickert2e@craigslist.org', '713 869 7666');
insert into student (id, first_name, last_name, gender, ref, email, phone) values (88, 'Zita', 'Fentem', 'Female', 'STD22088', 'zfentem2f@si.edu', '219 359 9455');
insert into student (id, first_name, last_name, gender, ref, email, phone) values (89, 'Bambi', 'Yakushkin', 'Female', 'STD22089', 'byakushkin2g@seesaa.net', '720 742 9150');
insert into student (id, first_name, last_name, gender, ref, email, phone) values (90, 'Roxie', 'Gladman', 'Female', 'STD22090', 'rgladman2h@friendfeed.com', '722 578 4979');
insert into student (id, first_name, last_name, gender, ref, email, phone) values (91, 'Garald', 'McAvaddy', 'Male', 'STD22091', 'gmcavaddy2i@oracle.com', '555 538 1750');
insert into student (id, first_name, last_name, gender, ref, email, phone) values (92, 'Franklyn', 'Marryatt', 'Male', 'STD22092', 'fmarryatt2j@multiply.com', '941 395 0724');
insert into student (id, first_name, last_name, gender, ref, email, phone) values (93, 'Ava', 'Normansell', 'Female', 'STD22093', 'anormansell2k@360.cn', '281 180 8098');
insert into student (id, first_name, last_name, gender, ref, email, phone) values (94, 'Doy', 'Plastow', 'Male', 'STD22094', 'dplastow2l@wikipedia.org', '526 311 1488');
insert into student (id, first_name, last_name, gender, ref, email, phone) values (95, 'Fidel', 'Feavearyear', 'Male', 'STD22095', 'ffeavearyear2m@fema.gov', '186 786 4174');
insert into student (id, first_name, last_name, gender, ref, email, phone) values (96, 'Dennis', 'Gwynne', 'Male', 'STD22096', 'dgwynne2n@redcross.org', '821 396 9023');
insert into student (id, first_name, last_name, gender, ref, email, phone) values (97, 'Helena', 'MacManus', 'Female', 'STD22097', 'hmacmanus2o@latimes.com', '684 377 1381');
insert into student (id, first_name, last_name, gender, ref, email, phone) values (98, 'Jabez', 'Goodredge', 'Male', 'STD22098', 'jgoodredge2p@usda.gov', '645 883 8113');
insert into student (id, first_name, last_name, gender, ref, email, phone) values (99, 'Shannen', 'Haverty', 'Female', 'STD22099', 'shaverty2q@census.gov', '269 342 5425');
insert into student (id, first_name, last_name, gender, ref, email, phone) values (100, 'Cornelius', 'Keepin', 'Male', 'STD21001', 'ckeepin2r@cpanel.net', '523 364 8622');

-- Teaching Units
insert into teaching_units (id, name) values (1, 'WEB1');
insert into teaching_units (id, name) values (2, 'WEB2');
insert into teaching_units (id, name) values (3, 'MOBILE1');
insert into teaching_units (id, name) values (4, 'PROG1');
insert into teaching_units (id, name) values (5, 'PROG2');
insert into teaching_units (id, name) values (6, 'PROG3');
insert into teaching_units (id, name) values (7, 'DONNÉES1');
insert into teaching_units (id, name) values (8, 'DONNÉES2');
insert into teaching_units (id, name) values (9, 'THÉORIE1');
insert into teaching_units (id, name) values (10, 'IA1');
insert into teaching_units (id, name) values (11, 'SYS1');
insert into teaching_units (id, name) values (12, 'SYS2');
insert into teaching_units (id, name) values (13, 'MGT1');
insert into teaching_units (id, name) values (14, 'MGT2');

-- Follow
insert into follow (id, id_student, id_teaching_units) values (1, 96, 12);
insert into follow (id, id_student, id_teaching_units) values (2, 81, 14);
insert into follow (id, id_student, id_teaching_units) values (3, 14, 11);
insert into follow (id, id_student, id_teaching_units) values (4, 26, 8);
insert into follow (id, id_student, id_teaching_units) values (5, 43, 3);
insert into follow (id, id_student, id_teaching_units) values (6, 91, 2);
insert into follow (id, id_student, id_teaching_units) values (7, 20, 4);
insert into follow (id, id_student, id_teaching_units) values (8, 66, 11);
insert into follow (id, id_student, id_teaching_units) values (9, 23, 11);
insert into follow (id, id_student, id_teaching_units) values (10, 47, 12);
insert into follow (id, id_student, id_teaching_units) values (11, 86, 14);
insert into follow (id, id_student, id_teaching_units) values (12, 29, 9);
insert into follow (id, id_student, id_teaching_units) values (13, 99, 3);
insert into follow (id, id_student, id_teaching_units) values (14, 27, 11);
insert into follow (id, id_student, id_teaching_units) values (15, 49, 11);
insert into follow (id, id_student, id_teaching_units) values (16, 70, 8);
insert into follow (id, id_student, id_teaching_units) values (17, 93, 6);
insert into follow (id, id_student, id_teaching_units) values (18, 36, 10);
insert into follow (id, id_student, id_teaching_units) values (19, 76, 13);
insert into follow (id, id_student, id_teaching_units) values (20, 90, 2);
insert into follow (id, id_student, id_teaching_units) values (21, 47, 5);
insert into follow (id, id_student, id_teaching_units) values (22, 35, 13);
insert into follow (id, id_student, id_teaching_units) values (23, 95, 7);
insert into follow (id, id_student, id_teaching_units) values (24, 87, 7);
insert into follow (id, id_student, id_teaching_units) values (25, 20, 3);
insert into follow (id, id_student, id_teaching_units) values (26, 54, 8);
insert into follow (id, id_student, id_teaching_units) values (27, 67, 2);
insert into follow (id, id_student, id_teaching_units) values (28, 50, 6);
insert into follow (id, id_student, id_teaching_units) values (29, 56, 3);
insert into follow (id, id_student, id_teaching_units) values (30, 20, 2);
insert into follow (id, id_student, id_teaching_units) values (31, 48, 14);
insert into follow (id, id_student, id_teaching_units) values (32, 70, 7);
insert into follow (id, id_student, id_teaching_units) values (33, 36, 2);
insert into follow (id, id_student, id_teaching_units) values (34, 88, 8);
insert into follow (id, id_student, id_teaching_units) values (35, 36, 1);
insert into follow (id, id_student, id_teaching_units) values (36, 40, 4);
insert into follow (id, id_student, id_teaching_units) values (37, 75, 14);
insert into follow (id, id_student, id_teaching_units) values (38, 91, 13);
insert into follow (id, id_student, id_teaching_units) values (39, 28, 4);
insert into follow (id, id_student, id_teaching_units) values (40, 49, 10);
insert into follow (id, id_student, id_teaching_units) values (41, 87, 12);
insert into follow (id, id_student, id_teaching_units) values (42, 60, 2);
insert into follow (id, id_student, id_teaching_units) values (43, 50, 4);
insert into follow (id, id_student, id_teaching_units) values (44, 17, 9);
insert into follow (id, id_student, id_teaching_units) values (45, 44, 8);
insert into follow (id, id_student, id_teaching_units) values (46, 11, 6);
insert into follow (id, id_student, id_teaching_units) values (47, 99, 7);
insert into follow (id, id_student, id_teaching_units) values (48, 40, 8);
insert into follow (id, id_student, id_teaching_units) values (49, 83, 14);
insert into follow (id, id_student, id_teaching_units) values (50, 14, 6);
insert into follow (id, id_student, id_teaching_units) values (51, 25, 8);
insert into follow (id, id_student, id_teaching_units) values (52, 59, 5);
insert into follow (id, id_student, id_teaching_units) values (53, 86, 8);
insert into follow (id, id_student, id_teaching_units) values (54, 80, 14);
insert into follow (id, id_student, id_teaching_units) values (55, 18, 3);
insert into follow (id, id_student, id_teaching_units) values (56, 23, 14);
insert into follow (id, id_student, id_teaching_units) values (57, 31, 6);
insert into follow (id, id_student, id_teaching_units) values (58, 81, 4);
insert into follow (id, id_student, id_teaching_units) values (59, 94, 10);
insert into follow (id, id_student, id_teaching_units) values (60, 47, 6);
insert into follow (id, id_student, id_teaching_units) values (61, 70, 14);
insert into follow (id, id_student, id_teaching_units) values (62, 86, 6);
insert into follow (id, id_student, id_teaching_units) values (63, 76, 3);
insert into follow (id, id_student, id_teaching_units) values (64, 73, 5);
insert into follow (id, id_student, id_teaching_units) values (65, 22, 13);
insert into follow (id, id_student, id_teaching_units) values (66, 70, 5);
insert into follow (id, id_student, id_teaching_units) values (67, 66, 8);
insert into follow (id, id_student, id_teaching_units) values (68, 84, 14);
insert into follow (id, id_student, id_teaching_units) values (69, 97, 2);
insert into follow (id, id_student, id_teaching_units) values (70, 26, 8);
insert into follow (id, id_student, id_teaching_units) values (71, 24, 6);
insert into follow (id, id_student, id_teaching_units) values (72, 63, 2);
insert into follow (id, id_student, id_teaching_units) values (73, 100, 4);
insert into follow (id, id_student, id_teaching_units) values (74, 76, 12);
insert into follow (id, id_student, id_teaching_units) values (75, 61, 11);
insert into follow (id, id_student, id_teaching_units) values (76, 22, 9);
insert into follow (id, id_student, id_teaching_units) values (77, 66, 11);
insert into follow (id, id_student, id_teaching_units) values (78, 22, 3);
insert into follow (id, id_student, id_teaching_units) values (79, 82, 9);
insert into follow (id, id_student, id_teaching_units) values (80, 43, 3);
insert into follow (id, id_student, id_teaching_units) values (81, 58, 6);
insert into follow (id, id_student, id_teaching_units) values (82, 26, 14);
insert into follow (id, id_student, id_teaching_units) values (83, 84, 3);
insert into follow (id, id_student, id_teaching_units) values (84, 69, 7);
insert into follow (id, id_student, id_teaching_units) values (85, 50, 2);
insert into follow (id, id_student, id_teaching_units) values (86, 21, 5);
insert into follow (id, id_student, id_teaching_units) values (87, 96, 9);
insert into follow (id, id_student, id_teaching_units) values (88, 47, 14);
insert into follow (id, id_student, id_teaching_units) values (89, 12, 4);
insert into follow (id, id_student, id_teaching_units) values (90, 80, 7);
insert into follow (id, id_student, id_teaching_units) values (91, 3, 11);
insert into follow (id, id_student, id_teaching_units) values (92, 26, 11);
insert into follow (id, id_student, id_teaching_units) values (93, 2, 10);
insert into follow (id, id_student, id_teaching_units) values (94, 35, 2);
insert into follow (id, id_student, id_teaching_units) values (95, 48, 8);
insert into follow (id, id_student, id_teaching_units) values (96, 10, 10);
insert into follow (id, id_student, id_teaching_units) values (97, 79, 7);
insert into follow (id, id_student, id_teaching_units) values (98, 92, 2);
insert into follow (id, id_student, id_teaching_units) values (99, 27, 3);
insert into follow (id, id_student, id_teaching_units) values (100, 50, 7);

-- Course
insert into course (id, date_time, id_teaching_units, id_group) values (1, '2023-03-03 06:06:56', 14, 6);
insert into course (id, date_time, id_teaching_units, id_group) values (2, '2023-01-16 10:50:34', 12, 4);
insert into course (id, date_time, id_teaching_units, id_group) values (3, '2023-04-23 02:41:28', 1, 2);
insert into course (id, date_time, id_teaching_units, id_group) values (4, '2023-08-11 09:26:15', 14, 5);
insert into course (id, date_time, id_teaching_units, id_group) values (5, '2023-01-25 15:06:22', 4, 5);
insert into course (id, date_time, id_teaching_units, id_group) values (6, '2023-01-17 17:06:59', 10, 5);
insert into course (id, date_time, id_teaching_units, id_group) values (7, '2023-01-13 19:03:06', 11, 4);
insert into course (id, date_time, id_teaching_units, id_group) values (8, '2023-07-21 03:45:33', 5, 6);
insert into course (id, date_time, id_teaching_units, id_group) values (9, '2023-05-12 01:46:18', 3, 6);
insert into course (id, date_time, id_teaching_units, id_group) values (10, '2023-07-22 14:36:14', 11, 5);
insert into course (id, date_time, id_teaching_units, id_group) values (11, '2022-11-12 10:22:50', 7, 3);
insert into course (id, date_time, id_teaching_units, id_group) values (12, '2023-04-05 12:22:47', 8, 5);
insert into course (id, date_time, id_teaching_units, id_group) values (13, '2023-05-26 15:48:47', 9, 1);
insert into course (id, date_time, id_teaching_units, id_group) values (14, '2022-11-14 23:30:24', 4, 2);
insert into course (id, date_time, id_teaching_units, id_group) values (15, '2023-02-16 21:56:48', 5, 3);
insert into course (id, date_time, id_teaching_units, id_group) values (16, '2022-09-04 07:48:34', 3, 1);
insert into course (id, date_time, id_teaching_units, id_group) values (17, '2023-05-31 12:27:36', 5, 4);
insert into course (id, date_time, id_teaching_units, id_group) values (18, '2023-01-29 06:10:37', 5, 6);
insert into course (id, date_time, id_teaching_units, id_group) values (19, '2022-09-26 16:11:39', 10, 4);
insert into course (id, date_time, id_teaching_units, id_group) values (20, '2022-08-25 21:29:28', 3, 5);
insert into course (id, date_time, id_teaching_units, id_group) values (21, '2023-03-21 16:39:58', 9, 6);
insert into course (id, date_time, id_teaching_units, id_group) values (22, '2022-09-12 03:06:53', 4, 3);
insert into course (id, date_time, id_teaching_units, id_group) values (23, '2022-12-11 11:56:57', 9, 5);
insert into course (id, date_time, id_teaching_units, id_group) values (24, '2022-11-24 02:12:00', 11, 6);
insert into course (id, date_time, id_teaching_units, id_group) values (25, '2022-09-04 08:05:57', 2, 3);
insert into course (id, date_time, id_teaching_units, id_group) values (26, '2023-01-01 11:14:42', 14, 1);
insert into course (id, date_time, id_teaching_units, id_group) values (27, '2022-12-10 23:43:38', 9, 1);
insert into course (id, date_time, id_teaching_units, id_group) values (28, '2022-09-15 01:25:39', 5, 4);
insert into course (id, date_time, id_teaching_units, id_group) values (29, '2023-06-20 15:50:48', 12, 3);
insert into course (id, date_time, id_teaching_units, id_group) values (30, '2023-02-26 13:34:43', 8, 6);
insert into course (id, date_time, id_teaching_units, id_group) values (31, '2022-11-26 21:28:03', 10, 2);
insert into course (id, date_time, id_teaching_units, id_group) values (32, '2023-03-06 11:41:27', 11, 4);
insert into course (id, date_time, id_teaching_units, id_group) values (33, '2022-12-19 09:20:09', 3, 3);
insert into course (id, date_time, id_teaching_units, id_group) values (34, '2023-08-08 13:35:39', 4, 1);
insert into course (id, date_time, id_teaching_units, id_group) values (35, '2022-11-06 21:44:11', 14, 1);
insert into course (id, date_time, id_teaching_units, id_group) values (36, '2022-11-09 18:41:05', 2, 2);
insert into course (id, date_time, id_teaching_units, id_group) values (37, '2023-07-02 02:31:44', 1, 2);
insert into course (id, date_time, id_teaching_units, id_group) values (38, '2023-05-26 14:33:55', 11, 1);
insert into course (id, date_time, id_teaching_units, id_group) values (39, '2023-05-04 17:16:09', 11, 3);
insert into course (id, date_time, id_teaching_units, id_group) values (40, '2023-05-31 04:58:56', 10, 1);
insert into course (id, date_time, id_teaching_units, id_group) values (41, '2022-10-08 06:56:43', 13, 4);
insert into course (id, date_time, id_teaching_units, id_group) values (42, '2022-10-14 22:59:06', 11, 3);
insert into course (id, date_time, id_teaching_units, id_group) values (43, '2023-03-11 01:17:07', 13, 5);
insert into course (id, date_time, id_teaching_units, id_group) values (44, '2023-03-07 15:15:49', 7, 6);
insert into course (id, date_time, id_teaching_units, id_group) values (45, '2023-07-09 16:18:58', 6, 3);
insert into course (id, date_time, id_teaching_units, id_group) values (46, '2023-03-21 19:30:48', 6, 1);
insert into course (id, date_time, id_teaching_units, id_group) values (47, '2023-07-24 20:17:47', 3, 5);
insert into course (id, date_time, id_teaching_units, id_group) values (48, '2023-02-09 03:29:39', 14, 5);
insert into course (id, date_time, id_teaching_units, id_group) values (49, '2023-02-15 05:56:50', 9, 4);
insert into course (id, date_time, id_teaching_units, id_group) values (50, '2023-08-07 08:33:42', 2, 1);
insert into course (id, date_time, id_teaching_units, id_group) values (51, '2022-10-03 09:42:50', 10, 2);
insert into course (id, date_time, id_teaching_units, id_group) values (52, '2022-09-27 20:54:08', 10, 6);
insert into course (id, date_time, id_teaching_units, id_group) values (53, '2023-02-16 12:02:39', 7, 5);
insert into course (id, date_time, id_teaching_units, id_group) values (54, '2022-12-01 23:23:58', 13, 1);
insert into course (id, date_time, id_teaching_units, id_group) values (55, '2023-04-14 01:30:52', 11, 6);
insert into course (id, date_time, id_teaching_units, id_group) values (56, '2022-11-01 17:53:02', 4, 6);
insert into course (id, date_time, id_teaching_units, id_group) values (57, '2023-06-06 12:41:01', 8, 5);
insert into course (id, date_time, id_teaching_units, id_group) values (58, '2022-11-21 03:19:37', 5, 2);
insert into course (id, date_time, id_teaching_units, id_group) values (59, '2023-04-08 14:05:08', 12, 1);
insert into course (id, date_time, id_teaching_units, id_group) values (60, '2023-07-25 00:28:52', 13, 3);
insert into course (id, date_time, id_teaching_units, id_group) values (61, '2022-12-11 17:56:49', 10, 4);
insert into course (id, date_time, id_teaching_units, id_group) values (62, '2022-11-24 10:00:38', 5, 4);
insert into course (id, date_time, id_teaching_units, id_group) values (63, '2023-03-10 19:33:06', 6, 4);
insert into course (id, date_time, id_teaching_units, id_group) values (64, '2023-07-30 03:34:33', 9, 1);
insert into course (id, date_time, id_teaching_units, id_group) values (65, '2022-11-20 11:04:47', 5, 6);
insert into course (id, date_time, id_teaching_units, id_group) values (66, '2023-07-22 01:24:17', 10, 5);
insert into course (id, date_time, id_teaching_units, id_group) values (67, '2022-11-12 16:19:42', 13, 5);
insert into course (id, date_time, id_teaching_units, id_group) values (68, '2023-02-11 00:55:26', 9, 2);
insert into course (id, date_time, id_teaching_units, id_group) values (69, '2022-10-29 21:13:58', 8, 4);
insert into course (id, date_time, id_teaching_units, id_group) values (70, '2023-06-22 06:56:01', 3, 2);
insert into course (id, date_time, id_teaching_units, id_group) values (71, '2022-09-23 02:12:25', 4, 3);
insert into course (id, date_time, id_teaching_units, id_group) values (72, '2023-07-05 11:51:45', 10, 2);
insert into course (id, date_time, id_teaching_units, id_group) values (73, '2022-11-07 15:12:36', 10, 6);
insert into course (id, date_time, id_teaching_units, id_group) values (74, '2023-08-06 02:03:48', 4, 5);
insert into course (id, date_time, id_teaching_units, id_group) values (75, '2023-07-21 13:23:03', 12, 5);
insert into course (id, date_time, id_teaching_units, id_group) values (76, '2023-03-17 23:27:15', 7, 3);
insert into course (id, date_time, id_teaching_units, id_group) values (77, '2022-11-23 06:40:47', 6, 4);
insert into course (id, date_time, id_teaching_units, id_group) values (78, '2022-09-22 17:25:48', 3, 4);
insert into course (id, date_time, id_teaching_units, id_group) values (79, '2023-02-13 01:51:21', 2, 2);
insert into course (id, date_time, id_teaching_units, id_group) values (80, '2023-07-27 14:11:02', 6, 5);
insert into course (id, date_time, id_teaching_units, id_group) values (81, '2022-09-27 07:25:34', 2, 2);
insert into course (id, date_time, id_teaching_units, id_group) values (82, '2023-06-14 13:14:24', 8, 3);
insert into course (id, date_time, id_teaching_units, id_group) values (83, '2023-04-23 04:51:04', 2, 1);
insert into course (id, date_time, id_teaching_units, id_group) values (84, '2023-07-29 18:56:11', 7, 4);
insert into course (id, date_time, id_teaching_units, id_group) values (85, '2022-12-25 09:31:55', 6, 3);
insert into course (id, date_time, id_teaching_units, id_group) values (86, '2023-08-01 06:59:12', 7, 4);
insert into course (id, date_time, id_teaching_units, id_group) values (87, '2023-05-08 00:04:00', 4, 1);
insert into course (id, date_time, id_teaching_units, id_group) values (88, '2023-02-23 16:19:34', 11, 5);
insert into course (id, date_time, id_teaching_units, id_group) values (89, '2023-05-24 09:18:43', 8, 4);
insert into course (id, date_time, id_teaching_units, id_group) values (90, '2022-09-11 05:44:32', 2, 2);
insert into course (id, date_time, id_teaching_units, id_group) values (91, '2023-07-22 23:28:15', 14, 6);
insert into course (id, date_time, id_teaching_units, id_group) values (92, '2023-02-13 09:48:07', 1, 6);
insert into course (id, date_time, id_teaching_units, id_group) values (93, '2022-10-13 15:16:05', 7, 3);
insert into course (id, date_time, id_teaching_units, id_group) values (94, '2022-09-17 07:08:49', 13, 5);
insert into course (id, date_time, id_teaching_units, id_group) values (95, '2023-02-04 21:39:17', 9, 4);
insert into course (id, date_time, id_teaching_units, id_group) values (96, '2023-08-15 22:30:04', 2, 2);
insert into course (id, date_time, id_teaching_units, id_group) values (97, '2023-06-15 11:53:47', 8, 5);
insert into course (id, date_time, id_teaching_units, id_group) values (98, '2023-06-16 04:56:56', 2, 1);
insert into course (id, date_time, id_teaching_units, id_group) values (99, '2022-10-01 08:15:34', 3, 1);
insert into course (id, date_time, id_teaching_units, id_group) values (100, '2023-04-17 15:20:47', 6, 4);

-- Absence
insert into absence (id, id_student, id_course) values (1, 76, 46);
insert into absence (id, id_student, id_course) values (2, 1, 100);
insert into absence (id, id_student, id_course) values (3, 34, 14);
insert into absence (id, id_student, id_course) values (4, 47, 63);
insert into absence (id, id_student, id_course) values (5, 87, 34);
insert into absence (id, id_student, id_course) values (6, 24, 51);
insert into absence (id, id_student, id_course) values (7, 78, 46);
insert into absence (id, id_student, id_course) values (8, 3, 90);
insert into absence (id, id_student, id_course) values (9, 82, 63);
insert into absence (id, id_student, id_course) values (10, 72, 43);
insert into absence (id, id_student, id_course) values (11, 91, 77);
insert into absence (id, id_student, id_course) values (12, 100, 79);
insert into absence (id, id_student, id_course) values (13, 66, 32);
insert into absence (id, id_student, id_course) values (14, 41, 91);
insert into absence (id, id_student, id_course) values (15, 6, 68);
insert into absence (id, id_student, id_course) values (16, 61, 35);
insert into absence (id, id_student, id_course) values (17, 38, 19);
insert into absence (id, id_student, id_course) values (18, 95, 40);
insert into absence (id, id_student, id_course) values (19, 24, 37);
insert into absence (id, id_student, id_course) values (20, 69, 71);
insert into absence (id, id_student, id_course) values (21, 86, 53);
insert into absence (id, id_student, id_course) values (22, 64, 3);
insert into absence (id, id_student, id_course) values (23, 48, 86);
insert into absence (id, id_student, id_course) values (24, 17, 95);
insert into absence (id, id_student, id_course) values (25, 75, 58);
insert into absence (id, id_student, id_course) values (26, 12, 48);
insert into absence (id, id_student, id_course) values (27, 32, 41);
insert into absence (id, id_student, id_course) values (28, 30, 33);
insert into absence (id, id_student, id_course) values (29, 72, 13);
insert into absence (id, id_student, id_course) values (30, 41, 93);
insert into absence (id, id_student, id_course) values (31, 33, 47);
insert into absence (id, id_student, id_course) values (32, 99, 75);
insert into absence (id, id_student, id_course) values (33, 18, 14);
insert into absence (id, id_student, id_course) values (34, 57, 48);
insert into absence (id, id_student, id_course) values (35, 10, 54);
insert into absence (id, id_student, id_course) values (36, 13, 66);
insert into absence (id, id_student, id_course) values (37, 74, 99);
insert into absence (id, id_student, id_course) values (38, 16, 96);
insert into absence (id, id_student, id_course) values (39, 53, 80);
insert into absence (id, id_student, id_course) values (40, 71, 76);
insert into absence (id, id_student, id_course) values (41, 27, 3);
insert into absence (id, id_student, id_course) values (42, 2, 62);
insert into absence (id, id_student, id_course) values (43, 23, 51);
insert into absence (id, id_student, id_course) values (44, 19, 92);
insert into absence (id, id_student, id_course) values (45, 79, 88);
insert into absence (id, id_student, id_course) values (46, 61, 91);
insert into absence (id, id_student, id_course) values (47, 35, 66);
insert into absence (id, id_student, id_course) values (48, 83, 22);
insert into absence (id, id_student, id_course) values (49, 16, 7);
insert into absence (id, id_student, id_course) values (50, 99, 97);
insert into absence (id, id_student, id_course) values (51, 60, 34);
insert into absence (id, id_student, id_course) values (52, 93, 13);
insert into absence (id, id_student, id_course) values (53, 61, 49);
insert into absence (id, id_student, id_course) values (54, 26, 82);
insert into absence (id, id_student, id_course) values (55, 64, 87);
insert into absence (id, id_student, id_course) values (56, 87, 37);
insert into absence (id, id_student, id_course) values (57, 80, 89);
insert into absence (id, id_student, id_course) values (58, 68, 96);
insert into absence (id, id_student, id_course) values (59, 51, 26);
insert into absence (id, id_student, id_course) values (60, 46, 50);
insert into absence (id, id_student, id_course) values (61, 40, 41);
insert into absence (id, id_student, id_course) values (62, 12, 36);
insert into absence (id, id_student, id_course) values (63, 82, 20);
insert into absence (id, id_student, id_course) values (64, 7, 76);
insert into absence (id, id_student, id_course) values (65, 76, 89);
insert into absence (id, id_student, id_course) values (66, 67, 37);
insert into absence (id, id_student, id_course) values (67, 44, 87);
insert into absence (id, id_student, id_course) values (68, 99, 37);
insert into absence (id, id_student, id_course) values (69, 100, 4);
insert into absence (id, id_student, id_course) values (70, 89, 12);
insert into absence (id, id_student, id_course) values (71, 98, 13);
insert into absence (id, id_student, id_course) values (72, 44, 51);
insert into absence (id, id_student, id_course) values (73, 98, 90);
insert into absence (id, id_student, id_course) values (74, 79, 21);
insert into absence (id, id_student, id_course) values (75, 29, 10);
insert into absence (id, id_student, id_course) values (76, 1, 13);
insert into absence (id, id_student, id_course) values (77, 69, 82);
insert into absence (id, id_student, id_course) values (78, 13, 71);
insert into absence (id, id_student, id_course) values (79, 15, 66);
insert into absence (id, id_student, id_course) values (80, 76, 50);
insert into absence (id, id_student, id_course) values (81, 55, 13);
insert into absence (id, id_student, id_course) values (82, 80, 56);
insert into absence (id, id_student, id_course) values (83, 92, 38);
insert into absence (id, id_student, id_course) values (84, 51, 88);
insert into absence (id, id_student, id_course) values (85, 22, 4);
insert into absence (id, id_student, id_course) values (86, 98, 10);
insert into absence (id, id_student, id_course) values (87, 8, 11);
insert into absence (id, id_student, id_course) values (88, 96, 25);
insert into absence (id, id_student, id_course) values (89, 69, 64);
insert into absence (id, id_student, id_course) values (90, 75, 57);
insert into absence (id, id_student, id_course) values (91, 76, 77);
insert into absence (id, id_student, id_course) values (92, 45, 61);
insert into absence (id, id_student, id_course) values (93, 10, 56);
insert into absence (id, id_student, id_course) values (94, 82, 50);
insert into absence (id, id_student, id_course) values (95, 54, 3);
insert into absence (id, id_student, id_course) values (96, 2, 48);
insert into absence (id, id_student, id_course) values (97, 78, 81);
insert into absence (id, id_student, id_course) values (98, 90, 63);
insert into absence (id, id_student, id_course) values (99, 39, 56);
insert into absence (id, id_student, id_course) values (100, 29, 55);
